{"cameraMode":{"drawMode":0,"name":"Shaded","section":"Shading Mode"},"sceneLighting":true,"audioPlay":false,"sceneViewState":{"m_AlwaysRefresh":false,"showFog":true,"showSkybox":true,"showFlares":true,"showImageEffects":true,"showParticleSystems":true,"showVisualEffectGraphs":true,"m_FxEnabled":true},"in2DMode":false,"pivot":{"x":-1.0040042400360108,"y":0.0763360932469368,"z":-0.00728460680693388},"rotation":{"x":0.25259771943092348,"y":-0.6987041234970093,"z":0.29335257411003115,"w":0.6016461849212647},"size":1.2866123914718629,"orthographic":true}