{"cameraMode":{"drawMode":0,"name":"Shaded","section":"Shading Mode"},"sceneLighting":true,"audioPlay":false,"sceneViewState":{"m_AlwaysRefresh":false,"showFog":true,"showSkybox":true,"showFlares":true,"showImageEffects":true,"showParticleSystems":true,"showVisualEffectGraphs":true,"m_FxEnabled":true},"in2DMode":false,"pivot":{"x":-1.7100000381469727,"y":0.5962551236152649,"z":0.4320000410079956},"rotation":{"x":0.2912251949310303,"y":-0.667626678943634,"z":0.32126927375793459,"w":0.6052070260047913},"size":1.3439745903015137,"orthographic":true}