{"cameraMode":{"drawMode":0,"name":"Shaded","section":"Shading Mode"},"sceneLighting":true,"audioPlay":false,"sceneViewState":{"m_AlwaysRefresh":false,"showFog":true,"showSkybox":true,"showFlares":true,"showImageEffects":true,"showParticleSystems":true,"showVisualEffectGraphs":true,"m_FxEnabled":true},"in2DMode":false,"pivot":{"x":-1.7092784643173218,"y":0.4507763683795929,"z":0.25019878149032595},"rotation":{"x":0.2288006693124771,"y":-0.6909436583518982,"z":0.24713824689388276,"w":0.6396857500076294},"size":1.9975508451461793,"orthographic":true}