{"cameraMode":{"drawMode":0,"name":"Shaded","section":"Shading Mode"},"sceneLighting":true,"audioPlay":false,"sceneViewState":{"m_AlwaysRefresh":false,"showFog":true,"showSkybox":true,"showFlares":true,"showImageEffects":true,"showParticleSystems":true,"showVisualEffectGraphs":true,"m_FxEnabled":true},"in2DMode":false,"pivot":{"x":-0.2533758580684662,"y":-0.954107940196991,"z":2.0682578086853029},"rotation":{"x":0.25259771943092348,"y":-0.6987041234970093,"z":0.29335257411003115,"w":0.6016461849212647},"size":2.3264472484588625,"orthographic":true}