{"cameraMode":{"drawMode":0,"name":"Shaded","section":"Shading Mode"},"sceneLighting":true,"audioPlay":false,"sceneViewState":{"m_AlwaysRefresh":false,"showFog":true,"showSkybox":true,"showFlares":true,"showImageEffects":true,"showParticleSystems":true,"showVisualEffectGraphs":true,"m_FxEnabled":true},"in2DMode":false,"pivot":{"x":-1.7100000381469727,"y":0.5962551236152649,"z":0.4320001006126404},"rotation":{"x":0.2288006693124771,"y":-0.6909436583518982,"z":0.24713824689388276,"w":0.6396857500076294},"size":0.8860011100769043,"orthographic":true}