{"cameraMode":{"drawMode":0,"name":"Shaded","section":"Shading Mode"},"sceneLighting":true,"audioPlay":false,"sceneViewState":{"m_AlwaysRefresh":false,"showFog":true,"showSkybox":true,"showFlares":true,"showImageEffects":true,"showParticleSystems":true,"showVisualEffectGraphs":true,"m_FxEnabled":true},"in2DMode":false,"pivot":{"x":-5.7129130363464359,"y":0.9887806177139282,"z":-1.5483518838882447},"rotation":{"x":0.15530061721801759,"y":-0.7115857005119324,"z":0.16623686254024507,"w":0.6647679805755615},"size":11.299727439880371,"orthographic":false}